source_account_id,source_customer_id,customer_link_type,customer_link_key,id_number,passport_number,country_of_birth,bank_name,bank_code,branch_name,account_number,account_type,account_currency,account_status,account_age_months,opened_date,account_balance,monthly_deposits,monthly_withdrawals,overdraft_limit,mobile_banking_enabled
SRC-ACCT-000001,CUST-000001,passport_number,passport_number:P00000001,,P00000001,Botswana,Absa Botswana,ABSB,Welkom Branch,ABSB0000000001,transactional,BWP,active,104,2017-12-20,2760.72,607.46,467.52,0.0,True
SRC-ACCT-000002,CUST-000002,id_number,id_number:7102150002002,7102150002002,,South Africa,Capitec,CPTC,Kuruman Branch,CPTC0000000002,transactional,ZAR,active,75,2020-05-08,9066.04,1338.85,1191.55,0.0,True
SRC-ACCT-000003,CUST-000003,id_number,id_number:8906040003003,8906040003003,,South Africa,Standard Bank,SBZA,Welkom Branch,SBZA0000000003,premium_current,ZAR,active,80,2019-12-10,197974.18,80376.53,37196.21,27470.38,True
SRC-ACCT-000004,CUST-000004,passport_number,passport_number:P00000004,,P00000004,Zimbabwe,FBC Bank,FBCZ,Paarl Branch,FBCZ0000000004,premium_current,USD,active,139,2015-02-04,213993.98,46919.38,29619.02,48960.25,True
SRC-ACCT-000005,CUST-000005,id_number,id_number:7112150005005,7112150005005,,South Africa,Nedbank,NEDZ,Bloemfontein Branch,NEDZ0000000005,premium_current,ZAR,restricted,82,2019-10-11,313844.25,66461.25,34629.98,39452.66,True
SRC-ACCT-000006,CUST-000006,id_number,id_number:7506180006006,7506180006006,,South Africa,Capitec,CPTC,Bellville Branch,CPTC0000000006,cash_management,ZAR,active,25,2024-06-16,24362.6,6397.62,4119.99,4450.42,True
SRC-ACCT-000007,CUST-000007,id_number,id_number:5607110007007,5607110007007,,South Africa,Capitec,CPTC,Soweto Branch,CPTC0000000007,cash_management,ZAR,active,30,2024-01-18,229477.73,47327.37,40167.96,32722.75,False
SRC-ACCT-000008,CUST-000008,id_number,id_number:9209030008008,9209030008008,,South Africa,FNB,FNBZ,Welkom Branch,FNBZ0000000008,savings,ZAR,active,43,2022-12-24,10098.91,7966.42,7066.12,0.0,True
SRC-ACCT-000009,CUST-000009,id_number,id_number:5908310009009,5908310009009,,South Africa,FNB,FNBZ,Stellenbosch Branch,FNBZ0000000009,premium_current,ZAR,active,175,2012-02-20,2208.27,1099.08,950.17,468.57,False
SRC-ACCT-000010,CUST-000010,id_number,id_number:6110140010010,6110140010010,,South Africa,Capitec,CPTC,Polokwane Branch,CPTC0000000010,transactional,ZAR,active,45,2022-10-25,1139.42,422.6,228.57,0.0,True
SRC-ACCT-000011,CUST-000011,passport_number,passport_number:P00000011,,P00000011,Eswatini,Standard Bank Eswatini,SBZE,Kuruman Branch,SBZE0000000011,savings,SZL,active,30,2024-01-18,1702.11,422.6,202.49,0.0,True
SRC-ACCT-000012,CUST-000012,id_number,id_number:8401280012012,8401280012012,,South Africa,Capitec,CPTC,Gqeberha Branch,CPTC0000000012,cash_management,ZAR,active,76,2020-04-08,265650.67,46176.29,28344.73,32919.33,True
SRC-ACCT-000013,CUST-000013,passport_number,passport_number:P00000013,,P00000013,Lesotho,Nedbank Lesotho,NEDL,Richards Bay Branch,NEDL0000000013,premium_current,LSL,active,217,2008-09-08,187281.17,70714.56,27698.47,20714.8,True
SRC-ACCT-000014,CUST-000014,id_number,id_number:8501040014014,8501040014014,,South Africa,ABSA,ABSZ,De Aar Branch,ABSZ0000000014,premium_current,ZAR,active,178,2011-11-22,195814.24,48989.57,24143.76,27573.78,True
SRC-ACCT-000015,CUST-000015,id_number,id_number:0802160015015,0802160015015,,South Africa,Standard Bank,SBZA,Gqeberha Branch,SBZA0000000015,savings,ZAR,restricted,65,2021-03-04,22419.81,18938.89,13421.09,0.0,True
SRC-ACCT-000016,CUST-000016,id_number,id_number:0303160016016,0303160016016,,South Africa,ABSA,ABSZ,Queenstown Branch,ABSZ0000000016,transactional,ZAR,dormant,111,2017-05-24,221560.73,51954.69,36007.56,0.0,False
SRC-ACCT-000017,CUST-000017,id_number,id_number:6005030017017,6005030017017,,South Africa,Standard Bank,SBZA,Secunda Branch,SBZA0000000017,premium_current,ZAR,dormant,107,2017-09-21,3226.28,2141.3,755.75,299.52,True
SRC-ACCT-000018,CUST-000018,passport_number,passport_number:P00000018,,P00000018,Eswatini,First National Bank Eswatini,FNBE,Kimberley Branch,FNBE0000000018,premium_current,SZL,active,164,2013-01-15,4935.52,2985.07,1910.96,857.69,True
SRC-ACCT-000019,CUST-000019,id_number,id_number:8706280019019,8706280019019,,South Africa,ABSA,ABSZ,Pretoria Branch,ABSZ0000000019,premium_current,ZAR,active,233,2007-05-17,5544.04,2369.91,2023.41,303.2,True
SRC-ACCT-000020,CUST-000020,id_number,id_number:7802160020020,7802160020020,,South Africa,Standard Bank,SBZA,Centurion Branch,SBZA0000000020,premium_current,ZAR,dormant,26,2024-05-17,77087.3,20746.24,15640.71,7159.9,True
SRC-ACCT-000021,CUST-000021,passport_number,passport_number:P00000021,,P00000021,Lesotho,FNB Lesotho,FNBL,Bellville Branch,FNBL0000000021,savings,LSL,active,207,2009-07-05,643.26,551.4,311.17,0.0,True
SRC-ACCT-000022,CUST-000022,id_number,id_number:8902130022022,8902130022022,,South Africa,ABSA,ABSZ,Springbok Branch,ABSZ0000000022,transactional,ZAR,restricted,126,2016-02-29,22603.16,3121.51,2087.25,0.0,True
SRC-ACCT-000023,CUST-000023,id_number,id_number:5801070023023,5801070023023,,South Africa,Nedbank,NEDZ,Brits Branch,NEDZ0000000023,transactional,ZAR,closed,202,2009-12-02,10557.82,4218.87,3472.06,0.0,True
SRC-ACCT-000024,CUST-000024,id_number,id_number:7701280024024,7701280024024,,South Africa,Standard Bank,SBZA,Brits Branch,SBZA0000000024,cash_management,ZAR,dormant,91,2019-01-14,3664.68,785.06,530.1,751.36,False
SRC-ACCT-000025,CUST-000025,id_number,id_number:6307230025025,6307230025025,,South Africa,FNB,FNBZ,Cape Town Branch,FNBZ0000000025,savings,ZAR,dormant,61,2021-07-02,34637.28,8471.84,5888.58,0.0,True
SRC-ACCT-000026,CUST-000026,id_number,id_number:7401140026026,7401140026026,,South Africa,ABSA,ABSZ,Paarl Branch,ABSZ0000000026,transactional,ZAR,dormant,178,2011-11-22,187544.71,46699.74,39767.12,0.0,True
SRC-ACCT-000027,CUST-000027,id_number,id_number:8911170027027,8911170027027,,South Africa,FNB,FNBZ,Johannesburg Branch,FNBZ0000000027,transactional,ZAR,active,108,2017-08-22,5925.32,1605.6,1361.26,0.0,True
SRC-ACCT-000028,CUST-000028,id_number,id_number:5504060028028,5504060028028,,South Africa,ABSA,ABSZ,Polokwane Branch,ABSZ0000000028,cash_management,ZAR,restricted,83,2019-09-11,9942.31,2309.25,1494.98,1254.73,True
SRC-ACCT-000029,CUST-000029,id_number,id_number:6705240029029,6705240029029,,South Africa,ABSA,ABSZ,Mbombela Branch,ABSZ0000000029,cash_management,ZAR,active,60,2021-08-01,1719.8,789.11,445.95,97.48,True
SRC-ACCT-000030,CUST-000030,id_number,id_number:9309260030030,9309260030030,,South Africa,FNB,FNBZ,Queenstown Branch,FNBZ0000000030,transactional,ZAR,active,20,2024-11-13,12725.12,4262.54,3677.21,0.0,True
SRC-ACCT-000031,CUST-000031,id_number,id_number:8301050031031,8301050031031,,South Africa,Nedbank,NEDZ,Ermelo Branch,NEDZ0000000031,transactional,ZAR,active,209,2009-05-06,217429.31,56414.72,25854.6,0.0,True
SRC-ACCT-000032,CUST-000032,id_number,id_number:7908260032032,7908260032032,,South Africa,ABSA,ABSZ,Kimberley Branch,ABSZ0000000032,premium_current,ZAR,active,214,2008-12-07,61601.17,19048.38,7896.03,14952.76,True
SRC-ACCT-000033,CUST-000033,id_number,id_number:5710140033033,5710140033033,,South Africa,FNB,FNBZ,Polokwane Branch,FNBZ0000000033,cash_management,ZAR,dormant,60,2021-08-01,50939.14,9741.41,8224.48,9012.78,True
SRC-ACCT-000034,CUST-000034,id_number,id_number:8507100034034,8507100034034,,South Africa,FNB,FNBZ,Sasolburg Branch,FNBZ0000000034,premium_current,ZAR,active,198,2010-04-01,11365.88,2954.78,1424.9,580.89,True
SRC-ACCT-000035,CUST-000035,id_number,id_number:9705150035035,9705150035035,,South Africa,ABSA,ABSZ,Durban Branch,ABSZ0000000035,transactional,ZAR,active,110,2017-06-23,7330.66,1349.71,1079.64,0.0,True
SRC-ACCT-000036,CUST-000036,passport_number,passport_number:P00000036,,P00000036,Zimbabwe,FBC Bank,FBCZ,Queenstown Branch,FBCZ0000000036,cash_management,USD,active,234,2007-04-17,57950.51,12290.46,5578.68,5277.8,True
SRC-ACCT-000037,CUST-000037,id_number,id_number:7305250037037,7305250037037,,South Africa,ABSA,ABSZ,Johannesburg Branch,ABSZ0000000037,transactional,ZAR,dormant,126,2016-02-29,27960.18,8874.63,4815.39,0.0,True
SRC-ACCT-000038,CUST-000038,id_number,id_number:6306220038038,6306220038038,,South Africa,FNB,FNBZ,Kuruman Branch,FNBZ0000000038,cash_management,ZAR,active,145,2014-08-08,212635.02,69496.68,35310.1,34411.17,True
SRC-ACCT-000039,CUST-000039,id_number,id_number:9402040039039,9402040039039,,South Africa,Capitec,CPTC,Welkom Branch,CPTC0000000039,premium_current,ZAR,dormant,123,2016-05-29,27354.22,7688.23,3901.01,5528.83,True
SRC-ACCT-000040,CUST-000040,id_number,id_number:7207180040040,7207180040040,,South Africa,Capitec,CPTC,Makhado Branch,CPTC0000000040,premium_current,ZAR,restricted,20,2024-11-13,24957.96,15292.6,10538.94,5645.43,True
SRC-ACCT-000041,CUST-000041,id_number,id_number:8103120041041,8103120041041,,South Africa,ABSA,ABSZ,Potchefstroom Branch,ABSZ0000000041,cash_management,ZAR,active,170,2012-07-19,3300.41,655.89,578.14,422.29,True
SRC-ACCT-000042,CUST-000042,passport_number,passport_number:P00000042,,P00000042,Botswana,Standard Chartered Botswana,SCBZ,Middelburg Branch,SCBZ0000000042,cash_management,BWP,active,93,2018-11-15,3425.86,540.81,443.8,526.84,True
SRC-ACCT-000043,CUST-000043,id_number,id_number:8605250043043,8605250043043,,South Africa,Standard Bank,SBZA,Witbank Branch,SBZA0000000043,cash_management,ZAR,dormant,147,2014-06-09,110546.74,64937.89,49754.9,8650.03,True
SRC-ACCT-000044,CUST-000044,id_number,id_number:8912170044044,8912170044044,,South Africa,Nedbank,NEDZ,Mahikeng Branch,NEDZ0000000044,premium_current,ZAR,active,230,2007-08-15,2437.68,668.14,443.23,440.79,True
SRC-ACCT-000045,CUST-000045,id_number,id_number:9309140045045,9309140045045,,South Africa,Capitec,CPTC,Kimberley Branch,CPTC0000000045,premium_current,ZAR,closed,102,2018-02-18,2764.18,748.08,685.5,292.54,True
SRC-ACCT-000046,CUST-000046,id_number,id_number:0704020046046,0704020046046,,South Africa,Nedbank,NEDZ,East London Branch,NEDZ0000000046,transactional,ZAR,active,188,2011-01-26,85581.3,28060.89,20371.2,0.0,True
SRC-ACCT-000047,CUST-000047,passport_number,passport_number:P00000047,,P00000047,Botswana,First National Bank Botswana,FNBB,Bloemfontein Branch,FNBB0000000047,transactional,BWP,active,76,2020-04-08,75835.13,27771.11,20420.92,0.0,True
SRC-ACCT-000048,CUST-000048,passport_number,passport_number:P00000048,,P00000048,Namibia,FNB Namibia,FNNM,George Branch,FNNM0000000048,transactional,NAD,restricted,25,2024-06-16,18106.72,3234.5,2964.86,0.0,True
SRC-ACCT-000049,CUST-000049,passport_number,passport_number:P00000049,,P00000049,Eswatini,Nedbank Eswatini,NEDE,Polokwane Branch,NEDE0000000049,transactional,SZL,dormant,197,2010-05-01,109807.5,59730.47,38968.35,0.0,True
SRC-ACCT-000050,CUST-000050,id_number,id_number:9804260050050,9804260050050,,South Africa,Standard Bank,SBZA,Kroonstad Branch,SBZA0000000050,cash_management,ZAR,dormant,143,2014-10-07,17030.99,5886.04,3190.35,2189.53,True
SRC-ACCT-000051,CUST-000051,passport_number,passport_number:P00000051,,P00000051,Zimbabwe,FBC Bank,FBCZ,Brits Branch,FBCZ0000000051,premium_current,USD,active,208,2009-06-05,14685.78,4928.79,1940.55,2619.08,True
SRC-ACCT-000052,CUST-000052,id_number,id_number:7608060052052,7608060052052,,South Africa,Standard Bank,SBZA,Kroonstad Branch,SBZA0000000052,cash_management,ZAR,active,159,2013-06-14,25711.5,13813.24,9752.11,4549.74,True
SRC-ACCT-000053,CUST-000053,id_number,id_number:9507180053053,9507180053053,,South Africa,ABSA,ABSZ,Johannesburg Branch,ABSZ0000000053,premium_current,ZAR,active,223,2008-03-12,139583.38,90562.88,64664.71,19122.77,True
SRC-ACCT-000054,CUST-000054,id_number,id_number:0011200054054,0011200054054,,South Africa,Standard Bank,SBZA,Thohoyandou Branch,SBZA0000000054,cash_management,ZAR,active,22,2024-09-14,5347.68,2120.55,793.99,1025.39,True
SRC-ACCT-000055,CUST-000055,id_number,id_number:9412130055055,9412130055055,,South Africa,ABSA,ABSZ,Kuruman Branch,ABSZ0000000055,premium_current,ZAR,active,201,2010-01-01,2490.7,1169.5,451.38,615.68,False
SRC-ACCT-000056,CUST-000056,id_number,id_number:5605260056056,5605260056056,,South Africa,FNB,FNBZ,Welkom Branch,FNBZ0000000056,transactional,ZAR,active,240,2006-10-19,6405.93,2361.81,1433.78,0.0,True
SRC-ACCT-000057,CUST-000057,id_number,id_number:5602130057057,5602130057057,,South Africa,Nedbank,NEDZ,Rustenburg Branch,NEDZ0000000057,transactional,ZAR,dormant,138,2015-03-06,7419.59,2313.97,1842.48,0.0,True
SRC-ACCT-000058,CUST-000058,id_number,id_number:6202190058058,6202190058058,,South Africa,Nedbank,NEDZ,Grahamstown Branch,NEDZ0000000058,premium_current,ZAR,active,180,2011-09-23,187499.99,78617.86,29834.78,14869.79,True
SRC-ACCT-000059,CUST-000059,id_number,id_number:6005300059059,6005300059059,,South Africa,Standard Bank,SBZA,Mthatha Branch,SBZA0000000059,cash_management,ZAR,active,108,2017-08-22,1036.0,979.79,800.63,223.22,True
SRC-ACCT-000060,CUST-000060,id_number,id_number:7204110060060,7204110060060,,South Africa,ABSA,ABSZ,Sasolburg Branch,ABSZ0000000060,cash_management,ZAR,active,30,2024-01-18,5697.75,2590.16,1944.23,1060.45,True
SRC-ACCT-000061,CUST-000061,id_number,id_number:7505050061061,7505050061061,,South Africa,Standard Bank,SBZA,Cape Town Branch,SBZA0000000061,savings,ZAR,active,147,2014-06-09,5703.19,4913.86,4290.58,0.0,True
SRC-ACCT-000062,CUST-000062,id_number,id_number:8708150062062,8708150062062,,South Africa,Standard Bank,SBZA,Kuruman Branch,SBZA0000000062,cash_management,ZAR,active,111,2017-05-24,4797.96,2731.01,2006.01,562.41,True
SRC-ACCT-000063,CUST-000063,id_number,id_number:0302110063063,0302110063063,,South Africa,Standard Bank,SBZA,Soweto Branch,SBZA0000000063,transactional,ZAR,active,221,2008-05-11,17966.66,12827.61,7717.82,0.0,True
SRC-ACCT-000064,CUST-000064,passport_number,passport_number:P00000064,,P00000064,Zimbabwe,FBC Bank,FBCZ,Paarl Branch,FBCZ0000000064,transactional,USD,active,80,2019-12-10,169815.16,37748.01,28703.16,0.0,True
SRC-ACCT-000065,CUST-000065,passport_number,passport_number:P00000065,,P00000065,Namibia,FNB Namibia,FNNM,Kimberley Branch,FNNM0000000065,premium_current,NAD,active,166,2012-11-16,150874.54,43173.32,39115.64,37285.28,True
SRC-ACCT-000066,CUST-000066,id_number,id_number:9212150066066,9212150066066,,South Africa,ABSA,ABSZ,Pretoria Branch,ABSZ0000000066,cash_management,ZAR,active,24,2024-07-16,54047.46,12571.22,5000.24,6759.39,True
SRC-ACCT-000067,CUST-000067,id_number,id_number:9412300067067,9412300067067,,South Africa,ABSA,ABSZ,Centurion Branch,ABSZ0000000067,savings,ZAR,dormant,183,2011-06-25,895.45,351.31,159.57,0.0,True
SRC-ACCT-000068,CUST-000068,id_number,id_number:6504280068068,6504280068068,,South Africa,Standard Bank,SBZA,Kroonstad Branch,SBZA0000000068,transactional,ZAR,dormant,189,2010-12-27,97487.96,17461.22,13316.32,0.0,False
SRC-ACCT-000069,CUST-000069,id_number,id_number:9702080069069,9702080069069,,South Africa,Capitec,CPTC,George Branch,CPTC0000000069,cash_management,ZAR,dormant,191,2010-10-28,23448.34,6498.19,4475.36,2082.83,True
SRC-ACCT-000070,CUST-000070,id_number,id_number:0403010070070,0403010070070,,South Africa,Nedbank,NEDZ,Mahikeng Branch,NEDZ0000000070,transactional,ZAR,active,130,2015-11-01,7173.61,2598.35,2311.69,0.0,True
SRC-ACCT-000071,CUST-000071,id_number,id_number:0210220071071,0210220071071,,South Africa,Capitec,CPTC,Queenstown Branch,CPTC0000000071,savings,ZAR,active,116,2016-12-25,2122.44,398.03,274.94,0.0,True
SRC-ACCT-000072,CUST-000072,id_number,id_number:6211010072072,6211010072072,,South Africa,FNB,FNBZ,Polokwane Branch,FNBZ0000000072,savings,ZAR,restricted,113,2017-03-25,10005.16,6792.32,3485.7,0.0,True
SRC-ACCT-000073,CUST-000073,id_number,id_number:7504150073073,7504150073073,,South Africa,Nedbank,NEDZ,Mbombela Branch,NEDZ0000000073,transactional,ZAR,restricted,55,2021-12-29,1895.07,740.99,394.19,0.0,True
SRC-ACCT-000074,CUST-000074,id_number,id_number:0611260074074,0611260074074,,South Africa,Standard Bank,SBZA,Mthatha Branch,SBZA0000000074,transactional,ZAR,closed,184,2011-05-26,3158.64,665.96,304.91,0.0,True
SRC-ACCT-000075,CUST-000075,id_number,id_number:8008110075075,8008110075075,,South Africa,Standard Bank,SBZA,Bethlehem Branch,SBZA0000000075,cash_management,ZAR,active,215,2008-11-07,23561.96,14718.18,10951.77,2853.64,True
SRC-ACCT-000076,CUST-000076,id_number,id_number:0702080076076,0702080076076,,South Africa,Standard Bank,SBZA,Brits Branch,SBZA0000000076,transactional,ZAR,active,78,2020-02-08,95047.9,34156.31,13875.71,0.0,True
SRC-ACCT-000077,CUST-000077,passport_number,passport_number:P00000077,,P00000077,Eswatini,Nedbank Eswatini,NEDE,Paarl Branch,NEDE0000000077,savings,SZL,restricted,74,2020-06-07,32325.44,9355.11,7552.27,0.0,True
SRC-ACCT-000078,CUST-000078,id_number,id_number:9411100078078,9411100078078,,South Africa,Capitec,CPTC,Queenstown Branch,CPTC0000000078,premium_current,ZAR,active,141,2014-12-06,82599.04,72232.97,57139.88,16078.93,True
SRC-ACCT-000079,CUST-000079,id_number,id_number:9601270079079,9601270079079,,South Africa,Nedbank,NEDZ,Grahamstown Branch,NEDZ0000000079,premium_current,ZAR,dormant,128,2015-12-31,32563.67,9756.26,5204.01,4538.65,True
SRC-ACCT-000080,CUST-000080,id_number,id_number:5407030080080,5407030080080,,South Africa,Standard Bank,SBZA,Tzaneen Branch,SBZA0000000080,transactional,ZAR,active,135,2015-06-04,89507.79,17903.8,15169.41,0.0,True
SRC-ACCT-000081,CUST-000081,id_number,id_number:7512170081081,7512170081081,,South Africa,FNB,FNBZ,Sasolburg Branch,FNBZ0000000081,transactional,ZAR,closed,44,2022-11-24,203405.44,43177.13,22451.92,0.0,True
SRC-ACCT-000082,CUST-000082,id_number,id_number:8703010082082,8703010082082,,South Africa,ABSA,ABSZ,Springbok Branch,ABSZ0000000082,savings,ZAR,active,82,2019-10-11,23200.41,6763.03,2846.94,0.0,True
SRC-ACCT-000083,CUST-000083,passport_number,passport_number:P00000083,,P00000083,Botswana,Standard Chartered Botswana,SCBZ,Queenstown Branch,SCBZ0000000083,transactional,BWP,active,24,2024-07-16,16440.81,4101.67,3456.53,0.0,True
SRC-ACCT-000084,CUST-000084,id_number,id_number:8802210084084,8802210084084,,South Africa,Standard Bank,SBZA,Durban Branch,SBZA0000000084,cash_management,ZAR,restricted,209,2009-05-06,238990.98,69199.81,52649.22,26915.99,True
SRC-ACCT-000085,CUST-000085,passport_number,passport_number:P00000085,,P00000085,Lesotho,Nedbank Lesotho,NEDL,Newcastle Branch,NEDL0000000085,premium_current,LSL,active,191,2010-10-28,51061.47,14816.99,7044.9,8406.84,True
SRC-ACCT-000086,CUST-000086,id_number,id_number:9105280086086,9105280086086,,South Africa,ABSA,ABSZ,Polokwane Branch,ABSZ0000000086,savings,ZAR,closed,67,2021-01-03,38503.48,8609.76,6281.11,0.0,True
SRC-ACCT-000087,CUST-000087,id_number,id_number:5909250087087,5909250087087,,South Africa,FNB,FNBZ,Johannesburg Branch,FNBZ0000000087,premium_current,ZAR,dormant,117,2016-11-25,7156.85,3367.4,2718.61,495.61,True
SRC-ACCT-000088,CUST-000088,id_number,id_number:7205300088088,7205300088088,,South Africa,Capitec,CPTC,Umhlanga Branch,CPTC0000000088,premium_current,ZAR,active,25,2024-06-16,1306.07,701.16,391.11,116.07,True
SRC-ACCT-000089,CUST-000089,id_number,id_number:6305020089089,6305020089089,,South Africa,FNB,FNBZ,Tzaneen Branch,FNBZ0000000089,premium_current,ZAR,active,144,2014-09-07,35222.55,9867.27,8583.37,3299.7,True
SRC-ACCT-000090,CUST-000090,id_number,id_number:8312280090090,8312280090090,,South Africa,Standard Bank,SBZA,Paarl Branch,SBZA0000000090,transactional,ZAR,active,84,2019-08-12,41277.41,8379.47,4777.8,0.0,True
SRC-ACCT-000091,CUST-000091,id_number,id_number:8707170091091,8707170091091,,South Africa,Capitec,CPTC,Paarl Branch,CPTC0000000091,transactional,ZAR,dormant,183,2011-06-25,126353.77,61806.83,35538.31,0.0,True
SRC-ACCT-000092,CUST-000092,id_number,id_number:0401100092092,0401100092092,,South Africa,FNB,FNBZ,Thohoyandou Branch,FNBZ0000000092,savings,ZAR,closed,61,2021-07-02,155816.71,37171.1,25162.56,0.0,True
SRC-ACCT-000093,CUST-000093,id_number,id_number:0012210093093,0012210093093,,South Africa,Nedbank,NEDZ,Middelburg Branch,NEDZ0000000093,transactional,ZAR,restricted,239,2006-11-18,8987.14,5793.85,2867.88,0.0,False
SRC-ACCT-000094,CUST-000094,id_number,id_number:8502020094094,8502020094094,,South Africa,Nedbank,NEDZ,Rustenburg Branch,NEDZ0000000094,transactional,ZAR,active,39,2023-04-23,94399.21,23749.91,17381.73,0.0,True
SRC-ACCT-000095,CUST-000095,passport_number,passport_number:P00000095,,P00000095,Zimbabwe,Stanbic Bank Zimbabwe,STBZ,Paarl Branch,STBZ0000000095,transactional,USD,active,80,2019-12-10,1872.22,628.22,473.02,0.0,True
SRC-ACCT-000096,CUST-000096,id_number,id_number:0305110096096,0305110096096,,South Africa,FNB,FNBZ,East London Branch,FNBZ0000000096,savings,ZAR,active,141,2014-12-06,5250.18,1745.03,729.28,0.0,True
SRC-ACCT-000097,CUST-000097,id_number,id_number:9001030097097,9001030097097,,South Africa,Capitec,CPTC,Kimberley Branch,CPTC0000000097,transactional,ZAR,active,55,2021-12-29,10527.66,4699.94,4307.26,0.0,True
SRC-ACCT-000098,CUST-000098,passport_number,passport_number:P00000098,,P00000098,Namibia,Standard Bank Namibia,SBZN,Umhlanga Branch,SBZN0000000098,savings,NAD,active,127,2016-01-30,29278.1,6628.69,2704.41,0.0,True
SRC-ACCT-000099,CUST-000099,id_number,id_number:9203170099099,9203170099099,,South Africa,FNB,FNBZ,Richards Bay Branch,FNBZ0000000099,premium_current,ZAR,active,95,2018-09-16,3711.1,646.59,301.06,590.64,True
SRC-ACCT-000100,CUST-000100,id_number,id_number:7512030100000,7512030100000,,South Africa,ABSA,ABSZ,Middelburg Branch,ABSZ0000000100,cash_management,ZAR,active,44,2022-11-24,163140.84,49283.1,35426.57,30604.69,True
SRC-ACCT-000101,CUST-000101,id_number,id_number:0409200101001,0409200101001,,South Africa,ABSA,ABSZ,Springbok Branch,ABSZ0000000101,savings,ZAR,active,182,2011-07-25,5083.28,3986.74,2594.9,0.0,True
SRC-ACCT-000102,CUST-000102,id_number,id_number:8012110102002,8012110102002,,South Africa,Standard Bank,SBZA,Midrand Branch,SBZA0000000102,transactional,ZAR,dormant,236,2007-02-16,2162.05,786.84,690.41,0.0,False
SRC-ACCT-000103,CUST-000103,id_number,id_number:9210030103003,9210030103003,,South Africa,Standard Bank,SBZA,Lephalale Branch,SBZA0000000103,cash_management,ZAR,active,230,2007-08-15,31008.07,7938.14,3249.5,6184.54,True
SRC-ACCT-000104,CUST-000104,id_number,id_number:8312220104004,8312220104004,,South Africa,Capitec,CPTC,Mbombela Branch,CPTC0000000104,transactional,ZAR,active,82,2019-10-11,7282.27,1287.88,698.63,0.0,True
SRC-ACCT-000105,CUST-000105,id_number,id_number:5805120105005,5805120105005,,South Africa,Standard Bank,SBZA,Bellville Branch,SBZA0000000105,transactional,ZAR,active,176,2012-01-21,3845.94,2189.04,1239.01,0.0,True
SRC-ACCT-000106,CUST-000106,id_number,id_number:6701280106006,6701280106006,,South Africa,Standard Bank,SBZA,Durban Branch,SBZA0000000106,premium_current,ZAR,active,119,2016-09-26,28614.61,6172.14,5468.38,5233.74,False
SRC-ACCT-000107,CUST-000107,id_number,id_number:6501190107007,6501190107007,,South Africa,Standard Bank,SBZA,Paarl Branch,SBZA0000000107,premium_current,ZAR,active,171,2012-06-19,3591.45,1227.16,689.05,795.27,True
SRC-ACCT-000108,CUST-000108,id_number,id_number:8408030108008,8408030108008,,South Africa,Nedbank,NEDZ,Cape Town Branch,NEDZ0000000108,cash_management,ZAR,active,73,2020-07-07,109934.45,32504.6,12525.65,25475.86,True
SRC-ACCT-000109,CUST-000109,passport_number,passport_number:P00000109,,P00000109,Namibia,FNB Namibia,FNNM,Durban Branch,FNNM0000000109,cash_management,NAD,active,232,2007-06-16,6743.17,1843.01,1603.01,799.51,True
SRC-ACCT-000110,CUST-000110,id_number,id_number:9010130110010,9010130110010,,South Africa,Nedbank,NEDZ,Kuruman Branch,NEDZ0000000110,transactional,ZAR,active,88,2019-04-14,201691.8,31114.73,19928.26,0.0,True
SRC-ACCT-000111,CUST-000111,passport_number,passport_number:P00000111,,P00000111,Zimbabwe,Stanbic Bank Zimbabwe,STBZ,Polokwane Branch,STBZ0000000111,cash_management,USD,active,135,2015-06-04,8438.62,6854.08,4649.76,1345.21,True
SRC-ACCT-000112,CUST-000112,id_number,id_number:8609030112012,8609030112012,,South Africa,Standard Bank,SBZA,George Branch,SBZA0000000112,premium_current,ZAR,active,43,2022-12-24,7705.25,6535.77,4394.14,1464.75,True
SRC-ACCT-000113,CUST-000113,id_number,id_number:5302220113013,5302220113013,,South Africa,Nedbank,NEDZ,Welkom Branch,NEDZ0000000113,cash_management,ZAR,closed,68,2020-12-04,33566.84,20854.54,17257.9,5307.25,False
SRC-ACCT-000114,CUST-000114,id_number,id_number:9912080114014,9912080114014,,South Africa,Capitec,CPTC,Kimberley Branch,CPTC0000000114,savings,ZAR,active,132,2015-09-02,24338.48,8821.98,5752.98,0.0,False
SRC-ACCT-000115,CUST-000115,id_number,id_number:5506060115015,5506060115015,,South Africa,Standard Bank,SBZA,Tzaneen Branch,SBZA0000000115,savings,ZAR,closed,13,2025-06-11,4173.11,1432.88,848.56,0.0,True
SRC-ACCT-000116,CUST-000116,id_number,id_number:8407050116016,8407050116016,,South Africa,FNB,FNBZ,Klerksdorp Branch,FNBZ0000000116,cash_management,ZAR,dormant,118,2016-10-26,1349.01,739.35,466.86,119.38,True
SRC-ACCT-000117,CUST-000117,id_number,id_number:9408160117017,9408160117017,,South Africa,Nedbank,NEDZ,Kimberley Branch,NEDZ0000000117,premium_current,ZAR,dormant,85,2019-07-13,3970.04,702.72,376.16,889.16,True
SRC-ACCT-000118,CUST-000118,id_number,id_number:7106060118018,7106060118018,,South Africa,Standard Bank,SBZA,Klerksdorp Branch,SBZA0000000118,savings,ZAR,restricted,176,2012-01-21,16763.47,4050.63,3552.54,0.0,True
SRC-ACCT-000119,CUST-000119,id_number,id_number:6005250119019,6005250119019,,South Africa,ABSA,ABSZ,Pietermaritzburg Branch,ABSZ0000000119,cash_management,ZAR,active,193,2010-08-29,1178.06,789.24,592.84,186.33,True
SRC-ACCT-000120,CUST-000120,id_number,id_number:7406210120020,7406210120020,,South Africa,FNB,FNBZ,Umhlanga Branch,FNBZ0000000120,cash_management,ZAR,restricted,119,2016-09-26,14983.23,14691.59,13128.31,2741.86,True
SRC-ACCT-000121,CUST-000121,id_number,id_number:0705210121021,0705210121021,,South Africa,Nedbank,NEDZ,Cape Town Branch,NEDZ0000000121,savings,ZAR,dormant,180,2011-09-23,2170.76,572.24,502.8,0.0,True
SRC-ACCT-000122,CUST-000122,passport_number,passport_number:P00000122,,P00000122,Namibia,FNB Namibia,FNNM,Grahamstown Branch,FNNM0000000122,savings,NAD,active,71,2020-09-05,19629.5,8319.07,6888.27,0.0,True
SRC-ACCT-000123,CUST-000123,id_number,id_number:5506010123023,5506010123023,,South Africa,Standard Bank,SBZA,Makhado Branch,SBZA0000000123,premium_current,ZAR,dormant,238,2006-12-18,3491.84,917.99,514.3,286.16,True
SRC-ACCT-000124,CUST-000124,id_number,id_number:8302120124024,8302120124024,,South Africa,Capitec,CPTC,Tzaneen Branch,CPTC0000000124,premium_current,ZAR,dormant,63,2021-05-03,51050.09,11701.76,7841.3,10401.25,True
SRC-ACCT-000125,CUST-000125,id_number,id_number:5410290125025,5410290125025,,South Africa,Standard Bank,SBZA,Gqeberha Branch,SBZA0000000125,savings,ZAR,dormant,106,2017-10-21,919.22,542.36,384.29,0.0,True
SRC-ACCT-000126,CUST-000126,id_number,id_number:6808270126026,6808270126026,,South Africa,Nedbank,NEDZ,Polokwane Branch,NEDZ0000000126,premium_current,ZAR,restricted,27,2024-04-17,5369.68,2114.42,991.37,784.85,True
SRC-ACCT-000127,CUST-000127,id_number,id_number:9601100127027,9601100127027,,South Africa,Standard Bank,SBZA,Lephalale Branch,SBZA0000000127,savings,ZAR,active,73,2020-07-07,2502.57,337.7,221.85,0.0,True
SRC-ACCT-000128,CUST-000128,id_number,id_number:8012050128028,8012050128028,,South Africa,Standard Bank,SBZA,Sasolburg Branch,SBZA0000000128,savings,ZAR,active,115,2017-01-24,24700.34,7030.92,3559.77,0.0,True
SRC-ACCT-000129,CUST-000129,id_number,id_number:7602210129029,7602210129029,,South Africa,Standard Bank,SBZA,Johannesburg Branch,SBZA0000000129,transactional,ZAR,active,178,2011-11-22,2816.34,1598.87,779.69,0.0,True
SRC-ACCT-000130,CUST-000130,id_number,id_number:5707170130030,5707170130030,,South Africa,ABSA,ABSZ,Makhado Branch,ABSZ0000000130,cash_management,ZAR,active,165,2012-12-16,8407.32,1625.81,1107.52,1747.64,True
SRC-ACCT-000131,CUST-000131,id_number,id_number:9901040131031,9901040131031,,South Africa,Nedbank,NEDZ,Secunda Branch,NEDZ0000000131,premium_current,ZAR,active,44,2022-11-24,23990.03,8785.71,6013.23,5454.56,True
SRC-ACCT-000132,CUST-000132,id_number,id_number:9107190132032,9107190132032,,South Africa,Standard Bank,SBZA,Sasolburg Branch,SBZA0000000132,savings,ZAR,active,132,2015-09-02,13931.51,4050.54,3379.36,0.0,True
SRC-ACCT-000133,CUST-000133,passport_number,passport_number:P00000133,,P00000133,Lesotho,Standard Lesotho Bank,SLBL,Springbok Branch,SLBL0000000133,transactional,LSL,restricted,69,2020-11-04,7216.95,1843.47,975.93,0.0,True
SRC-ACCT-000134,CUST-000134,passport_number,passport_number:P00000134,,P00000134,Namibia,Standard Bank Namibia,SBZN,Rustenburg Branch,SBZN0000000134,cash_management,NAD,active,112,2017-04-24,45162.6,16216.0,5827.53,6726.21,True
SRC-ACCT-000135,CUST-000135,id_number,id_number:9406140135035,9406140135035,,South Africa,Capitec,CPTC,Middelburg Branch,CPTC0000000135,transactional,ZAR,dormant,226,2007-12-13,41483.73,28047.69,25095.08,0.0,True
SRC-ACCT-000136,CUST-000136,id_number,id_number:0403290136036,0403290136036,,South Africa,ABSA,ABSZ,Newcastle Branch,ABSZ0000000136,savings,ZAR,active,25,2024-06-16,5956.77,1445.27,971.93,0.0,True
SRC-ACCT-000137,CUST-000137,id_number,id_number:8207210137037,8207210137037,,South Africa,Nedbank,NEDZ,Bloemfontein Branch,NEDZ0000000137,transactional,ZAR,active,130,2015-11-01,95879.37,44149.79,36060.03,0.0,True
SRC-ACCT-000138,CUST-000138,id_number,id_number:6608210138038,6608210138038,,South Africa,FNB,FNBZ,Pietermaritzburg Branch,FNBZ0000000138,cash_management,ZAR,active,155,2013-10-12,1675.83,806.67,730.0,359.42,True
SRC-ACCT-000139,CUST-000139,id_number,id_number:0304030139039,0304030139039,,South Africa,Nedbank,NEDZ,Grahamstown Branch,NEDZ0000000139,transactional,ZAR,active,176,2012-01-21,138093.12,53096.36,38912.27,0.0,True
SRC-ACCT-000140,CUST-000140,id_number,id_number:8712100140040,8712100140040,,South Africa,FNB,FNBZ,Rustenburg Branch,FNBZ0000000140,premium_current,ZAR,active,211,2009-03-07,10722.93,7530.82,5828.65,891.23,True
SRC-ACCT-000141,CUST-000141,id_number,id_number:8206300141041,8206300141041,,South Africa,Nedbank,NEDZ,Richards Bay Branch,NEDZ0000000141,transactional,ZAR,active,27,2024-04-17,17658.48,6413.23,5843.58,0.0,True
SRC-ACCT-000142,CUST-000142,id_number,id_number:8512210142042,8512210142042,,South Africa,FNB,FNBZ,East London Branch,FNBZ0000000142,savings,ZAR,dormant,236,2007-02-16,5806.94,4562.66,1942.96,0.0,True
SRC-ACCT-000143,CUST-000143,id_number,id_number:9602170143043,9602170143043,,South Africa,Standard Bank,SBZA,Paarl Branch,SBZA0000000143,premium_current,ZAR,active,191,2010-10-28,71129.18,41526.01,30724.05,6848.74,True
SRC-ACCT-000144,CUST-000144,id_number,id_number:5203290144044,5203290144044,,South Africa,Capitec,CPTC,Witbank Branch,CPTC0000000144,transactional,ZAR,restricted,169,2012-08-18,69657.19,17526.95,15759.64,0.0,True
SRC-ACCT-000145,CUST-000145,id_number,id_number:7705260145045,7705260145045,,South Africa,FNB,FNBZ,Ermelo Branch,FNBZ0000000145,transactional,ZAR,active,156,2013-09-12,6052.94,3990.67,2008.41,0.0,True
SRC-ACCT-000146,CUST-000146,id_number,id_number:0107220146046,0107220146046,,South Africa,Nedbank,NEDZ,Pietermaritzburg Branch,NEDZ0000000146,savings,ZAR,active,60,2021-08-01,46412.47,23503.47,14592.25,0.0,True
SRC-ACCT-000147,CUST-000147,id_number,id_number:9710040147047,9710040147047,,South Africa,Standard Bank,SBZA,Lephalale Branch,SBZA0000000147,transactional,ZAR,active,33,2023-10-20,102323.27,20661.26,15833.32,0.0,True
SRC-ACCT-000148,CUST-000148,id_number,id_number:7805280148048,7805280148048,,South Africa,Nedbank,NEDZ,Soweto Branch,NEDZ0000000148,premium_current,ZAR,active,162,2013-03-16,134614.46,36487.55,28618.12,21871.92,True
SRC-ACCT-000149,CUST-000149,id_number,id_number:0305010149049,0305010149049,,South Africa,Nedbank,NEDZ,Centurion Branch,NEDZ0000000149,savings,ZAR,active,147,2014-06-09,24446.47,19187.28,8871.3,0.0,True
SRC-ACCT-000150,CUST-000150,id_number,id_number:6105150150050,6105150150050,,South Africa,FNB,FNBZ,Midrand Branch,FNBZ0000000150,cash_management,ZAR,active,20,2024-11-13,6300.37,1547.74,1248.97,613.77,True
SRC-ACCT-000151,CUST-000151,passport_number,passport_number:P00000151,,P00000151,Eswatini,First National Bank Eswatini,FNBE,Springbok Branch,FNBE0000000151,premium_current,SZL,closed,94,2018-10-16,13137.93,5317.1,3088.92,718.65,True
SRC-ACCT-000152,CUST-000152,passport_number,passport_number:P00000152,,P00000152,Lesotho,Standard Lesotho Bank,SLBL,Mahikeng Branch,SLBL0000000152,transactional,LSL,closed,136,2015-05-05,187843.54,46743.66,33547.92,0.0,True
SRC-ACCT-000153,CUST-000153,id_number,id_number:9505190153053,9505190153053,,South Africa,FNB,FNBZ,Klerksdorp Branch,FNBZ0000000153,savings,ZAR,active,145,2014-08-08,5332.75,4530.16,2558.0,0.0,False
SRC-ACCT-000154,CUST-000154,id_number,id_number:5504140154054,5504140154054,,South Africa,Nedbank,NEDZ,George Branch,NEDZ0000000154,savings,ZAR,restricted,175,2012-02-20,2346.58,395.71,276.36,0.0,True
SRC-ACCT-000155,CUST-000155,id_number,id_number:0609290155055,0609290155055,,South Africa,Capitec,CPTC,East London Branch,CPTC0000000155,savings,ZAR,active,103,2018-01-19,70610.7,42122.12,30099.11,0.0,True
SRC-ACCT-000156,CUST-000156,id_number,id_number:6311040156056,6311040156056,,South Africa,FNB,FNBZ,Upington Branch,FNBZ0000000156,premium_current,ZAR,active,13,2025-06-11,151125.31,70246.05,26145.59,35431.94,True
SRC-ACCT-000157,CUST-000157,passport_number,passport_number:P00000157,,P00000157,Lesotho,Nedbank Lesotho,NEDL,Grahamstown Branch,NEDL0000000157,savings,LSL,dormant,234,2007-04-17,40518.45,7277.79,5408.01,0.0,True
SRC-ACCT-000158,CUST-000158,passport_number,passport_number:P00000158,,P00000158,Namibia,FNB Namibia,FNNM,Bloemfontein Branch,FNNM0000000158,transactional,NAD,active,62,2021-06-02,100530.64,24578.19,11536.62,0.0,True
SRC-ACCT-000159,CUST-000159,id_number,id_number:9307010159059,9307010159059,,South Africa,FNB,FNBZ,Gqeberha Branch,FNBZ0000000159,cash_management,ZAR,active,66,2021-02-02,98775.7,59466.62,36790.74,12680.56,True
SRC-ACCT-000160,CUST-000160,id_number,id_number:6811020160060,6811020160060,,South Africa,Nedbank,NEDZ,Middelburg Branch,NEDZ0000000160,cash_management,ZAR,active,89,2019-03-15,26353.03,4381.38,2710.5,2673.55,True
SRC-ACCT-000161,CUST-000161,id_number,id_number:8512020161061,8512020161061,,South Africa,Capitec,CPTC,Klerksdorp Branch,CPTC0000000161,premium_current,ZAR,closed,234,2007-04-17,3807.83,601.25,335.83,637.0,False
SRC-ACCT-000162,CUST-000162,id_number,id_number:9304060162062,9304060162062,,South Africa,Standard Bank,SBZA,Newcastle Branch,SBZA0000000162,cash_management,ZAR,active,116,2016-12-25,6017.24,2316.33,1203.84,977.66,True
SRC-ACCT-000163,CUST-000163,id_number,id_number:7103030163063,7103030163063,,South Africa,Standard Bank,SBZA,Mahikeng Branch,SBZA0000000163,transactional,ZAR,active,238,2006-12-18,182065.76,63239.86,53032.73,0.0,True
SRC-ACCT-000164,CUST-000164,id_number,id_number:0412170164064,0412170164064,,South Africa,Nedbank,NEDZ,De Aar Branch,NEDZ0000000164,savings,ZAR,active,48,2022-07-27,7560.85,2887.52,1119.72,0.0,True
SRC-ACCT-000165,CUST-000165,id_number,id_number:9803110165065,9803110165065,,South Africa,Capitec,CPTC,Stellenbosch Branch,CPTC0000000165,transactional,ZAR,dormant,68,2020-12-04,30846.22,19169.89,10263.29,0.0,True
SRC-ACCT-000166,CUST-000166,id_number,id_number:5609080166066,5609080166066,,South Africa,FNB,FNBZ,Klerksdorp Branch,FNBZ0000000166,cash_management,ZAR,dormant,208,2009-06-05,1343.88,996.1,415.58,109.47,True
SRC-ACCT-000167,CUST-000167,id_number,id_number:0001220167067,0001220167067,,South Africa,Standard Bank,SBZA,Paarl Branch,SBZA0000000167,cash_management,ZAR,active,59,2021-08-31,24620.66,14021.67,6923.12,4282.64,True
SRC-ACCT-000168,CUST-000168,id_number,id_number:5809160168068,5809160168068,,South Africa,ABSA,ABSZ,Richards Bay Branch,ABSZ0000000168,transactional,ZAR,active,89,2019-03-15,24424.11,14209.45,12542.95,0.0,True
SRC-ACCT-000169,CUST-000169,id_number,id_number:0005090169069,0005090169069,,South Africa,FNB,FNBZ,De Aar Branch,FNBZ0000000169,cash_management,ZAR,dormant,101,2018-03-20,2241.92,823.74,642.65,415.71,True
SRC-ACCT-000170,CUST-000170,passport_number,passport_number:P00000170,,P00000170,Zimbabwe,CBZ Bank,CBZZ,Cape Town Branch,CBZZ0000000170,cash_management,USD,active,91,2019-01-14,3236.19,2135.51,1565.01,640.09,True
SRC-ACCT-000171,CUST-000171,id_number,id_number:9912070171071,9912070171071,,South Africa,Standard Bank,SBZA,Pretoria Branch,SBZA0000000171,savings,ZAR,active,226,2007-12-13,12494.96,2913.51,2107.81,0.0,False
SRC-ACCT-000172,CUST-000172,id_number,id_number:6405120172072,6405120172072,,South Africa,ABSA,ABSZ,Upington Branch,ABSZ0000000172,cash_management,ZAR,active,41,2023-02-22,19280.51,9914.4,6163.99,1483.07,True
SRC-ACCT-000173,CUST-000173,id_number,id_number:5509190173073,5509190173073,,South Africa,FNB,FNBZ,Ermelo Branch,FNBZ0000000173,premium_current,ZAR,active,100,2018-04-19,118102.46,89806.35,79012.66,23103.64,True
SRC-ACCT-000174,CUST-000174,id_number,id_number:6406170174074,6406170174074,,South Africa,Nedbank,NEDZ,Rustenburg Branch,NEDZ0000000174,cash_management,ZAR,active,157,2013-08-13,1669.9,621.84,518.47,165.95,True
SRC-ACCT-000175,CUST-000175,id_number,id_number:9111110175075,9111110175075,,South Africa,ABSA,ABSZ,Bellville Branch,ABSZ0000000175,cash_management,ZAR,dormant,179,2011-10-23,179227.45,64193.07,50627.09,37337.99,True
SRC-ACCT-000176,CUST-000176,id_number,id_number:0108240176076,0108240176076,,South Africa,FNB,FNBZ,Mahikeng Branch,FNBZ0000000176,transactional,ZAR,restricted,68,2020-12-04,171155.36,55209.66,45284.57,0.0,True
SRC-ACCT-000177,CUST-000177,id_number,id_number:0509250177077,0509250177077,,South Africa,Standard Bank,SBZA,Queenstown Branch,SBZA0000000177,savings,ZAR,restricted,101,2018-03-20,21108.67,5494.24,3850.12,0.0,True
SRC-ACCT-000178,CUST-000178,id_number,id_number:9304260178078,9304260178078,,South Africa,Nedbank,NEDZ,Klerksdorp Branch,NEDZ0000000178,premium_current,ZAR,restricted,187,2011-02-25,140882.08,40228.31,30215.77,21199.67,True
SRC-ACCT-000179,CUST-000179,id_number,id_number:0311270179079,0311270179079,,South Africa,Standard Bank,SBZA,Secunda Branch,SBZA0000000179,savings,ZAR,active,44,2022-11-24,35714.94,8731.27,7880.37,0.0,True
SRC-ACCT-000180,CUST-000180,passport_number,passport_number:P00000180,,P00000180,Botswana,First National Bank Botswana,FNBB,Richards Bay Branch,FNBB0000000180,premium_current,BWP,active,226,2007-12-13,3873.41,829.91,692.61,326.29,True
SRC-ACCT-000181,CUST-000181,id_number,id_number:5201310181081,5201310181081,,South Africa,Standard Bank,SBZA,Pietermaritzburg Branch,SBZA0000000181,cash_management,ZAR,active,23,2024-08-15,43356.52,10931.73,5375.67,8573.67,True
SRC-ACCT-000182,CUST-000182,id_number,id_number:5212020182082,5212020182082,,South Africa,Nedbank,NEDZ,Kuruman Branch,NEDZ0000000182,savings,ZAR,active,66,2021-02-02,2353.44,582.21,244.29,0.0,True
SRC-ACCT-000183,CUST-000183,id_number,id_number:6002250183083,6002250183083,,South Africa,Standard Bank,SBZA,Pietermaritzburg Branch,SBZA0000000183,premium_current,ZAR,active,228,2007-10-14,57741.83,22078.45,16361.79,12644.35,False
SRC-ACCT-000184,CUST-000184,passport_number,passport_number:P00000184,,P00000184,Zimbabwe,CBZ Bank,CBZZ,Mthatha Branch,CBZZ0000000184,cash_management,USD,active,205,2009-09-03,56721.86,22803.95,12482.43,13379.31,True
SRC-ACCT-000185,CUST-000185,id_number,id_number:9403190185085,9403190185085,,South Africa,ABSA,ABSZ,Pretoria Branch,ABSZ0000000185,premium_current,ZAR,active,107,2017-09-21,6157.01,3513.03,1634.56,1408.12,True
SRC-ACCT-000186,CUST-000186,id_number,id_number:0205110186086,0205110186086,,South Africa,Nedbank,NEDZ,Bloemfontein Branch,NEDZ0000000186,transactional,ZAR,restricted,226,2007-12-13,5544.81,1821.25,1088.59,0.0,True
SRC-ACCT-000187,CUST-000187,id_number,id_number:0403040187087,0403040187087,,South Africa,FNB,FNBZ,Mbombela Branch,FNBZ0000000187,savings,ZAR,active,80,2019-12-10,148670.77,42672.79,39004.16,0.0,True
SRC-ACCT-000188,CUST-000188,id_number,id_number:5807180188088,5807180188088,,South Africa,Standard Bank,SBZA,Polokwane Branch,SBZA0000000188,transactional,ZAR,active,47,2022-08-26,16045.64,3921.84,3581.64,0.0,True
SRC-ACCT-000189,CUST-000189,id_number,id_number:9112060189089,9112060189089,,South Africa,ABSA,ABSZ,Mthatha Branch,ABSZ0000000189,premium_current,ZAR,active,80,2019-12-10,105958.87,46491.16,18449.83,14833.59,True
SRC-ACCT-000190,CUST-000190,id_number,id_number:5802070190090,5802070190090,,South Africa,Standard Bank,SBZA,Welkom Branch,SBZA0000000190,premium_current,ZAR,active,203,2009-11-02,58813.56,17877.75,9186.82,11480.18,True
SRC-ACCT-000191,CUST-000191,id_number,id_number:8310190191091,8310190191091,,South Africa,Capitec,CPTC,Stellenbosch Branch,CPTC0000000191,savings,ZAR,active,137,2015-04-05,2032.19,632.18,428.16,0.0,True
SRC-ACCT-000192,CUST-000192,id_number,id_number:0501230192092,0501230192092,,South Africa,FNB,FNBZ,Thohoyandou Branch,FNBZ0000000192,transactional,ZAR,active,49,2022-06-27,41457.78,8859.34,7804.44,0.0,False
SRC-ACCT-000193,CUST-000193,id_number,id_number:6609190193093,6609190193093,,South Africa,ABSA,ABSZ,Bethlehem Branch,ABSZ0000000193,cash_management,ZAR,active,90,2019-02-13,14473.43,4245.18,1540.15,3016.55,False
SRC-ACCT-000194,CUST-000194,id_number,id_number:7308190194094,7308190194094,,South Africa,Capitec,CPTC,Brits Branch,CPTC0000000194,transactional,ZAR,active,183,2011-06-25,21238.09,9958.24,5753.74,0.0,True
SRC-ACCT-000195,CUST-000195,id_number,id_number:8107160195095,8107160195095,,South Africa,FNB,FNBZ,Richards Bay Branch,FNBZ0000000195,cash_management,ZAR,active,116,2016-12-25,5291.95,2341.96,896.12,453.01,True
SRC-ACCT-000196,CUST-000196,passport_number,passport_number:P00000196,,P00000196,Mozambique,FNB Mozambique,FNBM,Sasolburg Branch,FNBM0000000196,cash_management,MZN,active,62,2021-06-02,32365.47,8108.53,3860.11,2943.8,True
SRC-ACCT-000197,CUST-000197,id_number,id_number:7004260197097,7004260197097,,South Africa,Standard Bank,SBZA,Bloemfontein Branch,SBZA0000000197,savings,ZAR,dormant,199,2010-03-02,25049.83,9211.58,3411.0,0.0,True
SRC-ACCT-000198,CUST-000198,passport_number,passport_number:P00000198,,P00000198,Lesotho,Nedbank Lesotho,NEDL,Brits Branch,NEDL0000000198,transactional,LSL,active,18,2025-01-12,56826.72,26669.6,19936.9,0.0,True
SRC-ACCT-000199,CUST-000199,id_number,id_number:0410130199099,0410130199099,,South Africa,FNB,FNBZ,Cape Town Branch,FNBZ0000000199,savings,ZAR,dormant,162,2013-03-16,18856.96,7333.45,4228.63,0.0,True
SRC-ACCT-000200,CUST-000200,id_number,id_number:6101050200000,6101050200000,,South Africa,Standard Bank,SBZA,George Branch,SBZA0000000200,premium_current,ZAR,active,223,2008-03-12,315174.99,55236.12,44543.04,17501.39,True
SRC-ACCT-000201,CUST-000201,id_number,id_number:0404240201001,0404240201001,,South Africa,Nedbank,NEDZ,Upington Branch,NEDZ0000000201,transactional,ZAR,active,127,2016-01-30,14605.06,4686.68,3392.45,0.0,True
SRC-ACCT-000202,CUST-000202,id_number,id_number:8204150202002,8204150202002,,South Africa,Capitec,CPTC,Grahamstown Branch,CPTC0000000202,cash_management,ZAR,active,130,2015-11-01,2879.11,640.83,237.14,529.81,True
SRC-ACCT-000203,CUST-000203,id_number,id_number:5307150203003,5307150203003,,South Africa,FNB,FNBZ,Stellenbosch Branch,FNBZ0000000203,premium_current,ZAR,restricted,183,2011-06-25,55456.72,16311.5,11427.84,5081.89,True
SRC-ACCT-000204,CUST-000204,id_number,id_number:0801030204004,0801030204004,,South Africa,Nedbank,NEDZ,Newcastle Branch,NEDZ0000000204,transactional,ZAR,active,194,2010-07-30,19088.14,5857.71,5231.61,0.0,True
SRC-ACCT-000205,CUST-000205,id_number,id_number:5702140205005,5702140205005,,South Africa,ABSA,ABSZ,Upington Branch,ABSZ0000000205,cash_management,ZAR,active,129,2015-12-01,16041.03,14347.17,8093.3,2325.32,True
SRC-ACCT-000206,CUST-000206,id_number,id_number:0605090206006,0605090206006,,South Africa,FNB,FNBZ,George Branch,FNBZ0000000206,savings,ZAR,active,160,2013-05-15,7099.09,1924.67,1394.59,0.0,True
SRC-ACCT-000207,CUST-000207,id_number,id_number:7908100207007,7908100207007,,South Africa,Nedbank,NEDZ,Mthatha Branch,NEDZ0000000207,transactional,ZAR,active,136,2015-05-05,32315.64,9403.53,7310.71,0.0,True
SRC-ACCT-000208,CUST-000208,id_number,id_number:9909200208008,9909200208008,,South Africa,Nedbank,NEDZ,Umhlanga Branch,NEDZ0000000208,cash_management,ZAR,active,79,2020-01-09,3893.99,2072.87,730.47,860.8,True
SRC-ACCT-000209,CUST-000209,id_number,id_number:6901050209009,6901050209009,,South Africa,ABSA,ABSZ,Ermelo Branch,ABSZ0000000209,cash_management,ZAR,active,169,2012-08-18,2280.77,971.73,769.75,385.22,True
SRC-ACCT-000210,CUST-000210,id_number,id_number:7104180210010,7104180210010,,South Africa,ABSA,ABSZ,Soweto Branch,ABSZ0000000210,cash_management,ZAR,active,48,2022-07-27,1225.59,635.38,578.83,203.24,True
SRC-ACCT-000211,CUST-000211,id_number,id_number:7507180211011,7507180211011,,South Africa,Nedbank,NEDZ,Lephalale Branch,NEDZ0000000211,cash_management,ZAR,dormant,142,2014-11-06,3505.75,983.46,690.46,431.71,True
SRC-ACCT-000212,CUST-000212,id_number,id_number:9111090212012,9111090212012,,South Africa,Standard Bank,SBZA,Polokwane Branch,SBZA0000000212,transactional,ZAR,active,152,2014-01-10,36196.03,19209.41,8381.8,0.0,True
SRC-ACCT-000213,CUST-000213,id_number,id_number:6401010213013,6401010213013,,South Africa,Standard Bank,SBZA,East London Branch,SBZA0000000213,premium_current,ZAR,dormant,200,2010-01-31,127786.59,35955.43,25230.89,24079.43,True
SRC-ACCT-000214,CUST-000214,passport_number,passport_number:P00000214,,P00000214,Mozambique,BCI Mozambique,BCIM,Stellenbosch Branch,BCIM0000000214,savings,MZN,closed,18,2025-01-12,3106.65,1560.53,1220.21,0.0,True
SRC-ACCT-000215,CUST-000215,id_number,id_number:8005280215015,8005280215015,,South Africa,Nedbank,NEDZ,Middelburg Branch,NEDZ0000000215,cash_management,ZAR,active,52,2022-03-29,113559.9,29746.11,13207.31,14747.16,False
SRC-ACCT-000216,CUST-000216,id_number,id_number:7606200216016,7606200216016,,South Africa,FNB,FNBZ,Thohoyandou Branch,FNBZ0000000216,premium_current,ZAR,closed,92,2018-12-15,150846.07,37078.1,16133.87,16196.07,True
SRC-ACCT-000217,CUST-000217,id_number,id_number:8703110217017,8703110217017,,South Africa,Nedbank,NEDZ,Witbank Branch,NEDZ0000000217,transactional,ZAR,active,155,2013-10-12,171664.45,45313.25,16398.79,0.0,True
SRC-ACCT-000218,CUST-000218,id_number,id_number:5511080218018,5511080218018,,South Africa,ABSA,ABSZ,Paarl Branch,ABSZ0000000218,savings,ZAR,active,14,2025-05-12,11954.01,4226.19,3036.99,0.0,True
SRC-ACCT-000219,CUST-000219,passport_number,passport_number:P00000219,,P00000219,Botswana,Standard Chartered Botswana,SCBZ,Bloemfontein Branch,SCBZ0000000219,cash_management,BWP,active,48,2022-07-27,214291.51,71238.86,36290.73,14644.42,True
SRC-ACCT-000220,CUST-000220,id_number,id_number:7207070220020,7207070220020,,South Africa,ABSA,ABSZ,Cape Town Branch,ABSZ0000000220,transactional,ZAR,active,75,2020-05-08,48988.08,13331.51,9158.75,0.0,True
SRC-ACCT-000221,CUST-000221,id_number,id_number:6305150221021,6305150221021,,South Africa,Capitec,CPTC,Stellenbosch Branch,CPTC0000000221,cash_management,ZAR,active,193,2010-08-29,167543.37,38858.39,14104.6,9501.59,True
SRC-ACCT-000222,CUST-000222,id_number,id_number:6404290222022,6404290222022,,South Africa,ABSA,ABSZ,Kuruman Branch,ABSZ0000000222,premium_current,ZAR,active,195,2010-06-30,2755.61,643.63,525.61,261.33,True
SRC-ACCT-000223,CUST-000223,id_number,id_number:6007100223023,6007100223023,,South Africa,Capitec,CPTC,Bellville Branch,CPTC0000000223,premium_current,ZAR,dormant,31,2023-12-19,42341.93,38899.91,27521.51,9333.12,True
SRC-ACCT-000224,CUST-000224,id_number,id_number:0506050224024,0506050224024,,South Africa,Nedbank,NEDZ,Soweto Branch,NEDZ0000000224,transactional,ZAR,active,219,2008-07-10,32030.86,8864.16,5934.49,0.0,True
SRC-ACCT-000225,CUST-000225,id_number,id_number:6108160225025,6108160225025,,South Africa,FNB,FNBZ,Brits Branch,FNBZ0000000225,cash_management,ZAR,active,205,2009-09-03,39393.52,19580.76,15454.89,9413.66,True
SRC-ACCT-000226,CUST-000226,id_number,id_number:6701040226026,6701040226026,,South Africa,Nedbank,NEDZ,Rustenburg Branch,NEDZ0000000226,premium_current,ZAR,active,133,2015-08-03,197953.69,44888.96,20537.24,10409.25,True
SRC-ACCT-000227,CUST-000227,id_number,id_number:9606170227027,9606170227027,,South Africa,FNB,FNBZ,Middelburg Branch,FNBZ0000000227,premium_current,ZAR,active,84,2019-08-12,70514.66,41085.9,36896.31,14920.76,True
SRC-ACCT-000228,CUST-000228,id_number,id_number:8010270228028,8010270228028,,South Africa,FNB,FNBZ,George Branch,FNBZ0000000228,transactional,ZAR,active,71,2020-09-05,51252.92,17170.41,7584.93,0.0,True
SRC-ACCT-000229,CUST-000229,id_number,id_number:0602170229029,0602170229029,,South Africa,Standard Bank,SBZA,Welkom Branch,SBZA0000000229,transactional,ZAR,active,74,2020-06-07,16242.07,5823.09,5107.31,0.0,True
SRC-ACCT-000230,CUST-000230,id_number,id_number:6211240230030,6211240230030,,South Africa,Nedbank,NEDZ,Cape Town Branch,NEDZ0000000230,premium_current,ZAR,active,133,2015-08-03,62813.98,13511.91,4855.97,14683.63,True
SRC-ACCT-000231,CUST-000231,id_number,id_number:0205140231031,0205140231031,,South Africa,Nedbank,NEDZ,Tzaneen Branch,NEDZ0000000231,savings,ZAR,active,90,2019-02-13,1036.32,573.97,372.62,0.0,True
SRC-ACCT-000232,CUST-000232,passport_number,passport_number:P00000232,,P00000232,Zimbabwe,Stanbic Bank Zimbabwe,STBZ,Klerksdorp Branch,STBZ0000000232,cash_management,USD,active,25,2024-06-16,175944.29,70350.47,36136.25,32302.29,True
SRC-ACCT-000233,CUST-000233,id_number,id_number:8003180233033,8003180233033,,South Africa,FNB,FNBZ,Bellville Branch,FNBZ0000000233,cash_management,ZAR,active,111,2017-05-24,18648.27,4383.34,3446.6,2038.32,True
SRC-ACCT-000234,CUST-000234,id_number,id_number:8011140234034,8011140234034,,South Africa,FNB,FNBZ,De Aar Branch,FNBZ0000000234,cash_management,ZAR,active,189,2010-12-27,80711.34,50022.79,43253.68,13829.28,True
SRC-ACCT-000235,CUST-000235,id_number,id_number:0007170235035,0007170235035,,South Africa,Capitec,CPTC,Durban Branch,CPTC0000000235,premium_current,ZAR,restricted,150,2014-03-11,184135.05,43576.31,30451.53,39499.77,True
SRC-ACCT-000236,CUST-000236,passport_number,passport_number:P00000236,,P00000236,Namibia,Standard Bank Namibia,SBZN,Grahamstown Branch,SBZN0000000236,cash_management,NAD,closed,149,2014-04-10,2860.02,2603.07,1936.85,455.19,True
SRC-ACCT-000237,CUST-000237,id_number,id_number:9802200237037,9802200237037,,South Africa,ABSA,ABSZ,Thohoyandou Branch,ABSZ0000000237,premium_current,ZAR,closed,41,2023-02-22,152098.23,82720.05,42359.88,30533.35,True
SRC-ACCT-000238,CUST-000238,id_number,id_number:6303280238038,6303280238038,,South Africa,ABSA,ABSZ,Bethlehem Branch,ABSZ0000000238,transactional,ZAR,restricted,27,2024-04-17,1789.7,522.05,334.28,0.0,False
SRC-ACCT-000239,CUST-000239,id_number,id_number:6909110239039,6909110239039,,South Africa,Capitec,CPTC,Stellenbosch Branch,CPTC0000000239,premium_current,ZAR,active,139,2015-02-04,40246.96,19278.06,12799.7,9560.58,True
SRC-ACCT-000240,CUST-000240,id_number,id_number:7504140240040,7504140240040,,South Africa,FNB,FNBZ,Stellenbosch Branch,FNBZ0000000240,premium_current,ZAR,dormant,200,2010-01-31,3939.07,1171.55,442.06,933.61,True
SRC-ACCT-000241,CUST-000241,id_number,id_number:7310110241041,7310110241041,,South Africa,Capitec,CPTC,Ermelo Branch,CPTC0000000241,savings,ZAR,active,155,2013-10-12,15867.73,7189.17,6247.69,0.0,True
SRC-ACCT-000242,CUST-000242,id_number,id_number:6008260242042,6008260242042,,South Africa,ABSA,ABSZ,Cape Town Branch,ABSZ0000000242,cash_management,ZAR,active,162,2013-03-16,38278.57,29057.38,22952.05,4347.02,True
SRC-ACCT-000243,CUST-000243,id_number,id_number:7409240243043,7409240243043,,South Africa,ABSA,ABSZ,Johannesburg Branch,ABSZ0000000243,cash_management,ZAR,active,55,2021-12-29,6916.68,2184.22,841.74,886.61,True
SRC-ACCT-000244,CUST-000244,id_number,id_number:0212300244044,0212300244044,,South Africa,Nedbank,NEDZ,Middelburg Branch,NEDZ0000000244,transactional,ZAR,active,61,2021-07-02,1908.82,598.97,286.76,0.0,True
SRC-ACCT-000245,CUST-000245,id_number,id_number:0608090245045,0608090245045,,South Africa,ABSA,ABSZ,Mthatha Branch,ABSZ0000000245,savings,ZAR,active,27,2024-04-17,80999.91,20925.74,13766.68,0.0,True
SRC-ACCT-000246,CUST-000246,id_number,id_number:7311110246046,7311110246046,,South Africa,Capitec,CPTC,Kimberley Branch,CPTC0000000246,savings,ZAR,closed,41,2023-02-22,16454.12,4804.51,2254.47,0.0,True
SRC-ACCT-000247,CUST-000247,id_number,id_number:6708230247047,6708230247047,,South Africa,Nedbank,NEDZ,Lephalale Branch,NEDZ0000000247,cash_management,ZAR,active,48,2022-07-27,2866.41,988.99,873.88,182.13,True
SRC-ACCT-000248,CUST-000248,id_number,id_number:7309290248048,7309290248048,,South Africa,FNB,FNBZ,Mthatha Branch,FNBZ0000000248,savings,ZAR,active,96,2018-08-17,4380.07,2026.26,911.06,0.0,True
SRC-ACCT-000249,CUST-000249,passport_number,passport_number:P00000249,,P00000249,Lesotho,FNB Lesotho,FNBL,Makhado Branch,FNBL0000000249,cash_management,LSL,restricted,64,2021-04-03,14894.44,4062.8,2292.2,3313.57,True
SRC-ACCT-000250,CUST-000250,id_number,id_number:6704050250050,6704050250050,,South Africa,Capitec,CPTC,Johannesburg Branch,CPTC0000000250,savings,ZAR,active,134,2015-07-04,9297.63,3646.23,1408.75,0.0,False
SRC-ACCT-000251,CUST-000251,id_number,id_number:6706070251051,6706070251051,,South Africa,Capitec,CPTC,Polokwane Branch,CPTC0000000251,premium_current,ZAR,active,83,2019-09-11,2423.46,908.65,495.0,224.67,True
SRC-ACCT-000252,CUST-000252,id_number,id_number:8109140252052,8109140252052,,South Africa,Capitec,CPTC,Tzaneen Branch,CPTC0000000252,premium_current,ZAR,closed,34,2023-09-20,54511.54,25136.42,14593.57,6354.13,False
SRC-ACCT-000253,CUST-000253,id_number,id_number:0607270253053,0607270253053,,South Africa,Standard Bank,SBZA,Grahamstown Branch,SBZA0000000253,savings,ZAR,dormant,133,2015-08-03,1357.49,677.5,419.65,0.0,True
SRC-ACCT-000254,CUST-000254,id_number,id_number:6711050254054,6711050254054,,South Africa,FNB,FNBZ,Lephalale Branch,FNBZ0000000254,premium_current,ZAR,active,194,2010-07-30,137517.51,59798.95,43110.92,16104.97,True
SRC-ACCT-000255,CUST-000255,id_number,id_number:5906210255055,5906210255055,,South Africa,Capitec,CPTC,Rustenburg Branch,CPTC0000000255,cash_management,ZAR,active,163,2013-02-14,27388.86,14282.08,6547.09,4767.73,True
SRC-ACCT-000256,CUST-000256,id_number,id_number:8902270256056,8902270256056,,South Africa,ABSA,ABSZ,Middelburg Branch,ABSZ0000000256,premium_current,ZAR,restricted,224,2008-02-11,11313.64,5170.77,4045.77,2826.1,True
SRC-ACCT-000257,CUST-000257,id_number,id_number:5304230257057,5304230257057,,South Africa,FNB,FNBZ,Bloemfontein Branch,FNBZ0000000257,premium_current,ZAR,active,144,2014-09-07,3038.73,688.06,425.13,600.57,True
SRC-ACCT-000258,CUST-000258,id_number,id_number:9003160258058,9003160258058,,South Africa,Capitec,CPTC,Umhlanga Branch,CPTC0000000258,premium_current,ZAR,restricted,39,2023-04-23,30960.0,8960.01,5349.24,7241.37,True
SRC-ACCT-000259,CUST-000259,id_number,id_number:7803110259059,7803110259059,,South Africa,Standard Bank,SBZA,Cape Town Branch,SBZA0000000259,premium_current,ZAR,active,179,2011-10-23,153260.92,78149.93,65191.13,31745.07,True
SRC-ACCT-000260,CUST-000260,id_number,id_number:0505100260060,0505100260060,,South Africa,Capitec,CPTC,Gqeberha Branch,CPTC0000000260,savings,ZAR,active,158,2013-07-14,27317.32,10177.37,7916.88,0.0,True
SRC-ACCT-000261,CUST-000261,id_number,id_number:7504140261061,7504140261061,,South Africa,Standard Bank,SBZA,De Aar Branch,SBZA0000000261,transactional,ZAR,active,34,2023-09-20,22171.87,3668.36,2693.96,0.0,True
SRC-ACCT-000262,CUST-000262,passport_number,passport_number:P00000262,,P00000262,Namibia,Bank Windhoek,BWND,Durban Branch,BWND0000000262,savings,NAD,active,30,2024-01-18,23314.85,10161.8,6274.6,0.0,False
SRC-ACCT-000263,CUST-000263,passport_number,passport_number:P00000263,,P00000263,Botswana,First National Bank Botswana,FNBB,Brits Branch,FNBB0000000263,premium_current,BWP,restricted,112,2017-04-24,28073.25,15630.54,7164.38,6473.79,True
SRC-ACCT-000264,CUST-000264,id_number,id_number:6701070264064,6701070264064,,South Africa,Capitec,CPTC,East London Branch,CPTC0000000264,premium_current,ZAR,active,219,2008-07-10,113128.92,65722.09,45052.4,27946.03,True
SRC-ACCT-000265,CUST-000265,id_number,id_number:5707090265065,5707090265065,,South Africa,ABSA,ABSZ,Ermelo Branch,ABSZ0000000265,transactional,ZAR,active,211,2009-03-07,50180.75,7951.16,3167.98,0.0,True
SRC-ACCT-000266,CUST-000266,id_number,id_number:6412070266066,6412070266066,,South Africa,FNB,FNBZ,Cape Town Branch,FNBZ0000000266,transactional,ZAR,active,136,2015-05-05,105691.17,51821.8,26198.04,0.0,True
SRC-ACCT-000267,CUST-000267,id_number,id_number:9501270267067,9501270267067,,South Africa,FNB,FNBZ,Rustenburg Branch,FNBZ0000000267,savings,ZAR,active,181,2011-08-24,5108.59,1940.86,1291.74,0.0,False
SRC-ACCT-000268,CUST-000268,id_number,id_number:5512070268068,5512070268068,,South Africa,Standard Bank,SBZA,Bethlehem Branch,SBZA0000000268,savings,ZAR,active,159,2013-06-14,6845.76,1138.26,724.36,0.0,True
SRC-ACCT-000269,CUST-000269,id_number,id_number:7806200269069,7806200269069,,South Africa,Standard Bank,SBZA,Makhado Branch,SBZA0000000269,premium_current,ZAR,dormant,66,2021-02-02,65168.64,31717.34,13311.26,9551.73,True
SRC-ACCT-000270,CUST-000270,id_number,id_number:6510090270070,6510090270070,,South Africa,Capitec,CPTC,Kroonstad Branch,CPTC0000000270,savings,ZAR,active,123,2016-05-29,5336.75,1649.34,1511.46,0.0,True
SRC-ACCT-000271,,id_number,id_number:5406230271071,5406230271071,,South Africa,Capitec,CPTC,Soweto Branch,CPTC0000000271,transactional,ZAR,dormant,63,2021-05-03,43545.05,9419.1,4250.94,0.0,True
SRC-ACCT-000272,CUST-000272,passport_number,passport_number:P00000272,,P00000272,Botswana,Standard Chartered Botswana,SCBZ,Newcastle Branch,SCBZ0000000272,savings,BWP,active,176,2012-01-21,6484.28,1391.26,963.64,0.0,True
SRC-ACCT-000273,CUST-000273,id_number,id_number:0211060273073,0211060273073,,South Africa,ABSA,ABSZ,East London Branch,ABSZ0000000273,transactional,ZAR,active,12,2025-07-11,3127.2,441.33,180.42,0.0,True
SRC-ACCT-000274,CUST-000274,id_number,id_number:7108020274074,7108020274074,,South Africa,FNB,FNBZ,Bethlehem Branch,FNBZ0000000274,savings,ZAR,active,43,2022-12-24,2046.87,619.59,440.22,0.0,True
SRC-ACCT-000275,CUST-000275,id_number,id_number:5203020275075,5203020275075,,South Africa,Standard Bank,SBZA,Poseidon City Branch,SBZA0000000275,premium_current,ZAR,active,166,2012-11-16,13886.73,5365.94,4812.88,2743.51,True
SRC-ACCT-000276,CUST-000276,id_number,id_number:7804250276076,7804250276076,,South Africa,Capitec,CPTC,Umhlanga Branch,CPTC0000000276,transactional,ZAR,dormant,86,2019-06-13,2696.4,654.55,470.5,0.0,True
SRC-ACCT-000277,CUST-000277,passport_number,passport_number:P00000277,,P00000277,Mozambique,BCI Mozambique,BCIM,Sasolburg Branch,BCIM0000000277,cash_management,MZN,active,125,2016-03-30,7801.97,3826.4,2567.6,1211.64,True
SRC-ACCT-000278,CUST-000278,id_number,id_number:9403100278078,9403100278078,,South Africa,Nedbank,NEDZ,Springbok Branch,NEDZ0000000278,premium_current,ZAR,active,38,2023-05-23,100629.52,28236.38,20973.11,15839.82,True
SRC-ACCT-000279,CUST-000279,id_number,id_number:6712070279079,6712070279079,,South Africa,Standard Bank,SBZA,Polokwane Branch,SBZA0000000279,transactional,ZAR,active,167,2012-10-17,1456.46,681.27,341.0,0.0,True
SRC-ACCT-000280,CUST-000280,id_number,id_number:9309210280080,9309210280080,,South Africa,FNB,FNBZ,Paarl Branch,FNBZ0000000280,savings,ZAR,restricted,49,2022-06-27,6588.26,1132.46,452.47,0.0,True
SRC-ACCT-000281,CUST-000281,id_number,id_number:8204020281081,8204020281081,,South Africa,Capitec,CPTC,Mahikeng Branch,CPTC0000000281,premium_current,ZAR,active,180,2011-09-23,16808.13,9843.66,5080.52,3412.62,True
SRC-ACCT-000282,CUST-000282,id_number,id_number:7601180282082,7601180282082,,South Africa,Nedbank,NEDZ,Umhlanga Branch,NEDZ0000000282,premium_current,ZAR,dormant,56,2021-11-29,27876.66,12265.31,6664.15,2067.16,True
SRC-ACCT-000283,CUST-000283,id_number,id_number:8511240283083,8511240283083,,South Africa,Nedbank,NEDZ,Centurion Branch,NEDZ0000000283,premium_current,ZAR,active,182,2011-07-25,248883.37,66967.19,31629.96,53924.87,True
SRC-ACCT-000284,CUST-000284,id_number,id_number:7310310284084,7310310284084,,South Africa,Nedbank,NEDZ,Makhado Branch,NEDZ0000000284,premium_current,ZAR,active,214,2008-12-07,116568.37,40296.47,26200.53,28900.41,True
SRC-ACCT-000285,INVALID-ID-001,passport_number,passport_number:P00000285,,P00000285,Botswana,First National Bank Botswana,FNBB,Thohoyandou Branch,FNBB0000000285,transactional,BWP,restricted,199,2010-03-02,2658.24,825.26,425.57,0.0,True
SRC-ACCT-000286,CUST-000001,id_number,id_number:7201010286086,7201010286086,,South Africa,Nedbank,NEDZ,Pietermaritzburg Branch,NEDZ0000000286,transactional,ZAR,dormant,102,2018-02-18,74766.53,27532.06,23926.77,0.0,True
SRC-ACCT-000287,CUST-000287,id_number,id_number:5511140287087,5511140287087,,South Africa,FNB,FNBZ,Cape Town Branch,FNBZ0000000287,transactional,ZAR,active,51,2022-04-28,91061.53,35257.13,29014.98,0.0,True
SRC-ACCT-000288,CUST-000288,id_number,id_number:0801220288088,0801220288088,,South Africa,Capitec,CPTC,Sasolburg Branch,CPTC0000000288,savings,ZAR,active,84,2019-08-12,142101.09,43817.59,15821.32,0.0,True
SRC-ACCT-000289,CUST-000289,id_number,id_number:0612040289089,0612040289089,,South Africa,FNB,FNBZ,Central Branch,FNBZ0000000289,savings,ZAR,dormant,39,2023-04-23,2439.09,1742.16,1568.8,0.0,True
SRC-ACCT-000290,CUST-000290,id_number,id_number:5501170290090,5501170290090,,South Africa,Capitec,CPTC,Mahikeng Branch,CPTC0000000290,savings,ZAR,active,38,2023-05-23,2359.97,485.95,352.91,0.0,True
SRC-ACCT-000291,CUST-000291,id_number,id_number:9706010291091,9706010291091,,South Africa,Nedbank,NEDZ,George Branch,NEDZ0000000291,premium_current,ZAR,active,171,2012-06-19,8015.52,6907.41,3507.27,1241.19,True
SRC-ACCT-000292,CUST-ABCDEF,passport_number,passport_number:P00000292,,P00000292,Zimbabwe,FBC Bank,FBCZ,Mbombela Branch,FBCZ0000000292,cash_management,USD,active,44,2022-11-24,26443.67,3670.59,3040.25,6026.71,True
SRC-ACCT-000293,CUST-000293,id_number,id_number:5911060293093,5911060293093,,South Africa,Standard Bank,SBZA,Tzaneen Branch,SBZA0000000293,cash_management,ZAR,active,212,2009-02-05,5032.03,2488.81,1491.49,674.6,True
SRC-ACCT-000294,CUST-000294,id_number,id_number:5610080294094,5610080294094,,South Africa,FNB,FNBZ,Paarl Branch,FNBZ0000000294,transactional,ZAR,restricted,188,2011-01-26,105580.8,64726.49,53513.47,0.0,True
SRC-ACCT-000295,CUST-000295,id_number,id_number:6303260295095,6303260295095,,South Africa,ABSA,ABSZ,Rustenburg Branch,ABSZ0000000295,transactional,ZAR,restricted,186,2011-03-27,17734.87,5007.15,2705.0,0.0,True
SRC-ACCT-000296,CUST-000296,id_number,id_number:9801290296096,9801290296096,,South Africa,FNB,FNBZ,Paarl Branch,FNBZ0000000296,transactional,ZAR,active,172,2012-05-20,95605.35,48560.89,26740.39,0.0,True
SRC-ACCT-000297,CUST-000297,id_number,id_number:6508030297097,6508030297097,,South Africa,Standard Bank,SBZA,Potchefstroom Branch,SBZA0000000297,premium_current,ZAR,restricted,43,2022-12-24,288524.16,75356.59,57582.15,57220.48,True
SRC-ACCT-000298,CUST-000298,source_customer_id,source_customer_id:CUST-000298,,,Zimbabwe,CBZ Bank,CBZZ,Gqeberha Branch,CBZZ0000000298,transactional,USD,active,48,2022-07-27,178322.58,34984.17,14984.81,0.0,True
SRC-ACCT-000299,CUST-000299,id_number,id_number:5302070299099,5302070299099,,South Africa,Nedbank,NEDZ,Middelburg Branch,NEDZ0000000299,cash_management,ZAR,active,22,2024-09-14,192472.73,54147.94,41285.69,40174.61,True
SRC-ACCT-000300,CUST-000300,id_number,id_number:9206090300000,9206090300000,,,Global Trust Bank,GLTB,Polokwane Branch,GLTB0000000300,transactional,USD,dormant,191,2010-10-28,28550.28,8308.28,5895.51,0.0,True
